{"graph": {"_type": "graph-file", "sha256": "3023da1d107e6b6a38384a2bdd5d742702f2aa3e20858f06d2fd555ae85989a2", "size": 567, "path": "media/graph/graph_summary_3023da1d107e6b6a3838.graph.json"}, "epoch": 39, "_timestamp": 1700329483.6837897, "loss": 2117649.25, "val_loss": 1962158.125, "_runtime": 81.7875657081604, "_step": 39, "best_val_loss": 1962158.125, "best_epoch": 39, "_wandb": {"runtime": 184}}